product_name_cleaned,order_month,revenue,avg_revenue,vs_avg_%
acer nitro v gaming laptop,December,11432.38,5471.765,108.93
dell gaming mouse,December,6158.0599999999995,3040.834166666666,102.51
lenovo ideapad gaming 3,December,99662.31,61292.21333333334,62.6
sony playstation 5 bundle,December,189635.89,132436.98750000002,43.19
27in 4k gaming monitor,December,228007.01,164047.11166666666,38.99
nintendo switch,December,185110.44,138226.47083333333,33.92
jbl quantum 100 gaming headset,December,10198.36,8014.642499999999,27.25
razer pro gaming headset,November,153.22,126.31857142857143,21.3
